invoice_amount,gst_amount,quantity,unit_price,invoice_frequency,amount_deviation,gst_deviation,label
1200,216,2,600,1,50,5,0
2500,450,5,500,2,100,10,0
4800,864,8,600,3,150,15,0
3200,576,4,800,2,80,8,0
7500,1350,10,750,4,200,20,0
5600,1008,7,800,3,120,12,0
9100,1638,13,700,5,180,18,0
4200,756,6,700,2,90,9,0
6800,1224,8,850,3,140,14,0
3500,630,5,700,2,70,7,0
15000,2700,10,1500,5,300,30,0
8200,1476,8,1025,4,160,16,0
2750,495,5,550,2,60,6,0
6300,1134,9,700,3,130,13,0
5000,900,5,1000,2,100,10,0
18000,3240,12,1500,5,350,35,1
45000,8100,30,1500,9,900,90,1
28000,5040,20,1400,7,600,60,1
75000,13500,50,1500,12,1800,180,1
32000,5760,16,2000,8,750,75,1
52000,9360,40,1300,10,1200,120,1
95000,17100,60,1583,15,2500,250,1
41000,7380,25,1640,9,950,95,1
67000,12060,45,1489,11,1600,160,1
23000,4140,15,1533,6,500,50,1
85000,15300,55,1545,14,2200,220,1
39000,7020,22,1773,8,850,85,1
61000,10980,35,1743,10,1500,150,1
27000,4860,18,1500,7,550,55,1
48000,8640,32,1500,9,1100,110,1
